中国证券报,中国证券报|中证网|金牛理财网
上海证券报,上海证券报|中国证券网
证券时报,证券时报|证券时报网|券商中国|数据宝|e公司官微
中国基金报,中国基金报|中国基金报英华理财
证券日报,证券日报|证券日报网|证券日报之声|金融1号院|证券日报股市最钱线|证券日报e保
中国基金业协会,中国基金业协会
21世纪经济报道,21世纪经济报道|21经济网|21金融圈|21财经搜索|21财闻汇
财经网,财经网|财经杂志
财新网,财新网|金融混业观察|财新WeNews
第一财经,第一财经|第一财经资讯|第一财经研究院
国际金融报,国际金融报|公私风云|证基风云
华夏时报,华夏时报|华夏时报网
经济参考报,经济参考报|经济参考网
经济观察报,经济观察报|经济观察网|金融橙
每日经济新闻,每日经济新闻|每经网|理财不二牛|火山财富
时代周报,时代周报|时代在线
投资快报,投资快报|财富动力网|投资快报股市广播
投资时报,投资时报
投资者报,投资者报|投资者网|新投资者网
证券市场红周刊,证券市场红周刊|红刊财经
证券市场周刊,证券市场周刊|证券网|证券市场周刊
中国经济网,中国经济网|经济日报
中国经营报,中国经营报|中国经营网|资管中国
中国网,中国网|中国网财经
中华工商时报,中华工商时报
华尔街见闻,华尔街见闻|资本深潜号|资事堂|懒猫的丰收日
界面,界面|界面新闻
财联社,财联社
蓝鲸,蓝鲸|蓝鲸财经
澎湃,澎湃|澎湃新闻
凤凰网,凤凰网|凤凰网财经
和讯,和讯|和讯网|和讯牛基
金融界,金融界|金融界网站|金融界股灵通|选基小助手
全景网,全景网|全景财经|品基荟
大智慧,大智慧|香橙会新闻网|香橙财经
WIND,WIND|Wind资讯
腾讯,腾讯|腾讯网|腾讯财经|腾讯理财|棱镜
网易,网易|网易财经
新浪,新浪|新浪网|新浪财经|新浪挖掘基|金融e观察|公司资本论
新京报,新京报|新京报网
北京商报,北京商报|北京商报网|公爆基丁
北京晚报,北京晚报|北晚新视觉
北京青年报,北京青年报|北青网
新民晚报,新民晚报|新民网
新闻晨报,新闻晨报|周到上海
深圳特区报,深圳特区报
深圳商报,深圳商报
南方都市报,南方都市报|奥一网
广州日报,广州日报
南方日报,南方日报|南方网
新快报,新快报
金融投资报,金融投资报|金融投资网
成都日报,成都日报
成都晚报,成都晚报
重庆日报,重庆日报
重庆晚报,重庆晚报
重庆晨报,重庆晨报|上游新闻
每日商报,每日商报
楚天金报,楚天金报|荆楚网
武汉晨报,武汉晨报
长江商报,长江商报
长江日报,长江日报|长江网
楚天都市报,楚天都市报
华商报,华商报|华商网
今晚报,今晚报
滨海时报,滨海时报|津滨网
扬子晚报,扬子晚报
大众证券报,大众证券报|大众证券网|基情播报
金陵晚报,金陵晚报|鑫基会
现代快报,现代快报|现代快报网
郑州晚报,郑州晚报|中原网
三湘都市报,三湘都市报
长沙晚报,长沙晚报|长沙晚报网
沈阳晚报,沈阳晚报
合肥晚报,合肥晚报
江淮晨报,江淮晨报
珠江晚报,珠江晚报
羊城晚报,羊城晚报
信息时报,信息时报
